{
  "success": true,
  "version": "v1",
  "correlationId": "1234",
  "timestamp": "2025-03-23T01:39:41",
  "response": {
    "$id": "996",
    "AccountNumber": "0000852854",
    "Id": "996",
    "IdType": 0,
    "CommentCode": 0,
    "TransferCode": 0,
    "AdjustmentCode": 0,
    "RegECode": 0,
    "RegDCheckCode": 0,
    "RegDTransferCode": 0,
    "VoidCode": 0,
    "SubActionCode": "2",
    "SequenceNumber": 865051,
    "EffectiveDate": "2021-04-05T00:00:00",
    "PostDate": "2021-04-05T00:00:00",
    "PostTime": 1805,
    "PreviousAvailableBalance": 518.52,
    "UserNumber": 0,
    "UserOverride": 0,
    "SecurityLevels": 0,
    "Description": "Minus exercitationem odit sit sunt aut repudiandae.",
    "ActionCode": "D",
    "SourceCode": "G",
    "BalanceChange": 0,
    "InterestPenalty": 0,
    "NewBalance": 660.82,
    "FeeAmount": 0,
    "EscrowAmount": 0,
    "LastTranDate": "2021-04-05T00:00:00",
    "MaturityLoanDueDate": null,
    "Comment": "Aut consequuntur quam sapiente maiores.",
    "Branch": 9,
    "ConsoleNumber": 0,
    "BatchSequence": 0,
    "SalesTaxAmount": 0,
    "ActivityDate": "2021-04-05T00:00:00",
    "BilledFeeAmount": 0,
    "ProcessorUser": 0,
    "MemberBranch": "",
    "SubSourceCode": 2,
    "ConfirmationSequence": 0,
    "MicrAccountNumber": "888800000000852854",
    "MicrRtNumber": "",
    "Recurring": 0,
    "FeeExemptCourtesyAmount": 0,
    "BalSeg001SegmentId": "",
    "BalSeg001PmtChangeDate": null,
    "InterestEffectiveDate": null,
    "BalSeg001PrevFirstPmtDate": null,
    "DraftNumber": "",
    "TracerNumber": "0000865051",
    "SubSourceDescription": "",
    "TransactionAmount": 213.89,
    "ConfirmationNumber": "0000000996"
  }
}

    